{
  "trainedAt": "2025-05-24T23:19:50.625318",
  "epsilon": 0.2,
  "dishes": [
    "Aloo Paratha",
    "Chole Bhature",
    "Idli Sambhar",
    "Vegetable Pulao",
    "Pani Puri"
  ],
  "q_values": [
    364.82758620689657,
    370.5882352941176,
    121.76470588235293,
    795.0256410256411,
    328.0
  ],
  "counts": [
    13,
    3,
    3,
    79,
    2
  ],
  "bestAction": {
    "dish": "Vegetable Pulao",
    "value": 795.0256410256411
  }
}