{
  "trainedAt": "2025-05-25T12:49:23.317586",
  "epsilon": 0.2,
  "dishes": [
    "Aloo Paratha",
    "Chole Bhature",
    "Idli Sambhar",
    "Vegetable Pulao",
    "Pani Puri",
    "Jhol Momos",
    "Masala Dosa",
    "Chicken Tikka Masala"
  ],
  "q_values": [
    364.82758620689657,
    370.5882352941176,
    321.1764705882353,
    795.0256410256411,
    0.0,
    0.0,
    874.0,
    0.0
  ],
  "counts": [
    3,
    19,
    2,
    2,
    0,
    4,
    70,
    0
  ],
  "bestAction": {
    "dish": "Masala Dosa",
    "value": 874.0
  }
}